Marque,reporting+70,Trage,SEGMENT_MODOP,PVFP,CAYVP,NBSTIONS,NBVERSEURS,CAHVP,CAYVPUC,collecte,presta,PM actu
DAV,0,0-30ans,Ex PC,33031.31701604379,668029.07,1042,64,633090.07,89212.76000000001,903157.625177076,19991.07866558339,12628857.12156731
DAV,0,0-30ans,GP,2623712.858245709,65151952.98999999,127675,13050,62903360.43000001,10731881.88,79568643.76741424,1319046.324405596,1360011918.040207
DAV,0,0-30ans,NC,1496297.842123484,869727.0199999996,152208,0,0.0,0.0,25434932.63120548,7279662.242738666,0.0
DAV,0,0-30ans,PC,4680228.121969076,76832866.52,30473,2651,75687885.94000001,30552260.53,83008132.4940066,1117560.357144481,1461861710.238116
DAV,0,0-30ans,PP,203052.1831481705,4061336.12,8497,706,3881358.13,978363.57,5227363.651694011,66258.86357612867,76864624.63133167
DAV,0,30-40ans,Ex PC,33057.41501311772,576238.46,981,49,546431.76,116982.3,768721.2507249092,29933.14659063019,10936683.49305693
DAV,0,30-40ans,GP,2968410.624577509,56655613.31000001,111791,7846,53778757.62,11475647.36,75329415.99215142,4084262.125758541,1285317567.35816
DAV,0,30-40ans,NC,2092464.351462826,1414786.67,296229,0,0.0,0.0,41404148.77965418,12998577.68626209,0.0
DAV,0,30-40ans,PC,4346313.787176352,61929441.30999999,20467,2189,60381513.73,26001272.83,71790942.51250948,3313125.519851311,1220679284.232519
DAV,0,30-40ans,PP,590375.8878814431,7265356.4,6187,669,6747114.24,1884856.77,10914494.26094177,643895.6403546638,179787589.698977
DAV,0,40-50ans,Ex PC,58578.52753379125,968193.3200000001,1017,45,950399.72,230928.0,1093433.667486038,113672.8079540917,18767772.33469662
DAV,0,40-50ans,GP,4876823.460037075,84554245.05000003,167760,10816,79864317.09,20327967.91,115491800.322548,15295400.03310055,2037019883.013411
DAV,0,40-50ans,NC,2656108.424258945,1882640.75,391129,0,0.0,0.0,48322476.17513993,15037565.99360815,0.0
DAV,0,40-50ans,PC,9943643.569113202,133420882.55,46810,5318,130440697.55,57735952.28,153144946.5150988,19236866.28800898,2773656989.385319
DAV,0,40-50ans,PP,1357181.807798768,18090250.59,18519,1679,16754601.23,4696823.13,27312799.08098858,3451974.022234932,447985056.4121811
DAV,0,50-60ans,Ex PC,76813.24072714687,1502194.61,1520,76,1463700.28,281323.74,1768569.457577744,442709.010023693,27812518.74519398
DAV,0,50-60ans,GP,7730685.020793887,152626938.2799999,215602,14693,145734869.73,32161598.72,203581909.2333052,60148583.07075064,3422494839.278069
DAV,0,50-60ans,NC,1845223.718923423,1420966.83,153203,2,687.12,0.0,31031213.3735354,9609879.293189816,0.0
DAV,0,50-60ans,PC,22258419.4474499,333986312.06,104304,11507,328208895.0,135545526.74,372761389.4846974,108166820.5551634,6556186204.907057
DAV,0,50-60ans,PP,3092467.521906769,46978400.83,31958,3307,45113610.87,11776858.83,59839344.70230696,17993164.15314519,1019261251.928076
DAV,0,60-70ans,Ex PC,136398.587033507,2524962.78,2022,98,2498335.02,637164.2000000001,2712105.398915675,1291269.423126389,43528187.45397652
DAV,0,60-70ans,GP,7741434.988151062,205439642.9100001,285755,13885,200521693.24,38271739.47,246211777.7926856,120197905.2311516,3766664851.337478
DAV,0,60-70ans,NC,2149333.291386992,474214.76,56905,0,0.0,0.0,33858558.52990124,7939724.950268283,0.0
DAV,0,60-70ans,PC,28341442.89676862,535008081.1,138726,13131,531293987.28,188338093.38,558383688.3534007,289040752.206433,9257329213.707993
DAV,0,60-70ans,PP,4788430.903972964,102473274.52,55330,5957,101305896.05,23453792.2,109953356.8471167,56069025.07227878,1797058263.087214
DAV,1,+80ans,Ex PC,22959.62150027231,2436830.58,1877,65,2420345.42,14243.0,2514251.816420401,2070813.385283615,23095561.791958
DAV,1,+80ans,GP,664454.717462997,88617169.08,204474,5008,88145641.51,1548889.45,90754339.01668918,77037465.26759522,729859519.433601
DAV,1,+80ans,NC,0.0,0.0,77,0,0.0,0.0,0.0,0.0,0.0
DAV,1,+80ans,PC,1634434.983213397,213545314.45,96912,4187,213226955.4400001,8967663.370000001,214892143.832495,187205267.5565655,1711953972.414913
DAV,1,+80ans,PP,50889.63472187509,6288750.51,3620,208,6269160.639999999,88613.69,6377425.366132098,5346758.53727171,52731187.49655795
DAV,1,70-75ans,Ex PC,34762.40139727958,1257885.73,1112,48,1249663.13,147693.6,1310387.993632638,690786.4403825729,17253437.6688197
DAV,1,70-75ans,GP,2091509.860311878,80372358.28999995,147808,5354,78720156.12,12600120.6,93691980.41613457,58484649.50849876,1210562042.226692
DAV,1,70-75ans,NC,5516.580127003162,13297.2,4417,0,0.0,0.0,106495.7022627288,34705.14361560406,0.0
DAV,1,70-75ans,PC,9113859.94714899,229784866.53,76096,5213,229036387.78,78688898.89,233941000.2332691,157866593.3440108,3387176718.112185
DAV,1,70-75ans,PP,1437385.715235209,43962209.56,28552,2545,43694267.52,8264892.41,45566658.1683971,30461215.85103428,652088893.1846101
DAV,1,75-80ans,Ex PC,9774.992811297703,519004.03,752,35,513725.52,41710.0,551906.3445665853,327457.6107096695,5983821.665151165
DAV,1,75-80ans,GP,958209.9892768783,56455714.53000001,115896,4157,55801215.60000001,5477944.310000001,60297980.07073285,44096171.87727602,695301359.9368663
DAV,1,75-80ans,NC,2231.669184304358,4615.32,330,0,0.0,0.0,37283.67925399175,12045.30928367571,0.0
DAV,1,75-80ans,PC,3447901.381053356,138318644.26,53430,3150,137876715.67,34657249.95,140511065.372938,106269150.0352833,1678475193.527778
DAV,1,75-80ans,PP,274446.811332393,11258310.59,8167,571,11177678.84,1916595.4,11731343.38810027,8265254.221990649,140543337.7929667
MMA Agents,0,0-30ans,GP,435698.5623181412,12411786.54,34643,2433,11918141.43,3335462.04,15201247.10265057,195988.069148959,246518065.7255164
MMA Agents,0,0-30ans,NC,128377.6846863643,168393.9300000002,11106,0,0.0,0.0,3181877.800140965,1059565.307446941,0.0
MMA Agents,0,0-30ans,PC,1171101.429984187,12971690.31,4407,380,12870331.4,6181032.27,13571160.8681804,176447.1411632372,267566264.7928427
MMA Agents,0,0-30ans,PP,13271.2725513539,698155.2000000001,820,61,664912.84,161876.44,827499.3293816953,3510.528950446756,7052491.660277588
MMA Agents,0,30-40ans,GP,758569.31848556,15659764.36000001,28575,1865,14968683.37,4545241.17,20151562.25895767,985154.2552850059,368476121.10939
MMA Agents,0,30-40ans,NC,279577.1733155238,463221.0600000009,31316,0,0.0,0.0,8572496.415965505,2854641.306516513,0.0
MMA Agents,0,30-40ans,PC,571481.4089071329,7696871.67,1278,121,7556168.18,2725001.82,8679538.76600265,441599.5842836977,164458835.4486074
MMA Agents,0,30-40ans,PP,19420.41039175212,185202.67,230,20,141521.05,85998.61000000002,469335.4098773127,24437.61332881109,7832196.194361079
MMA Agents,0,40-50ans,GP,1660795.086926627,30439736.59000003,55168,3673,28877437.41,10624527.28,40476737.75118716,5191320.199304922,765719035.0207002
MMA Agents,0,40-50ans,NC,385233.0293295133,559793.9700000006,165972,0,0.0,0.0,9370208.653716708,3120279.481687664,0.0
MMA Agents,0,40-50ans,PC,1496985.520131081,21333570.53,3774,431,21015524.59,7795011.939999999,23577710.20844254,3247156.557770567,460000579.1941355
MMA Agents,0,40-50ans,PP,147907.283134702,2447287.31,1027,117,2169029.89,900484.07,4246557.508446591,393643.305127593,61677049.78721715
MMA Agents,0,50-60ans,GP,2446688.353979145,58307332.62999991,73632,5282,56192646.72,15733751.95,71655557.78276457,19214625.50192462,1183542486.89442
MMA Agents,0,50-60ans,NC,172609.9045078387,293290.1100000002,28503,2,687.12,0.0,3960158.361551129,1318732.734396526,0.0
MMA Agents,0,50-60ans,PC,3693682.418458662,61381808.05,11007,1188,60505970.73999999,21661815.13,67574391.31689842,20537936.63025317,1252906684.603312
MMA Agents,0,50-60ans,PP,187998.6636541087,5103907.26,1947,205,4800102.58,1576890.71,6986956.368383926,1212397.136011628,89390716.34224728
MMA Agents,0,60-70ans,GP,2077633.862418897,69907932.54000005,80181,3878,68868809.62,15072882.76,75610327.68234082,31064041.29100603,1079079632.253776
MMA Agents,0,60-70ans,NC,41271.50786429441,105460.9,12725,0,0.0,0.0,769693.3803404843,256307.8956533812,0.0
MMA Agents,0,60-70ans,PC,3941823.647527416,96242585.59000002,19030,1398,95782829.3,29038664.45,99313840.68917793,48558041.29272597,1593165988.317206
MMA Agents,0,60-70ans,PP,204123.353692655,9005655.250000002,1844,142,8862222.27,2366921.59,9889664.384752478,2439908.340437199,102492757.3689154
MMA Agents,1,+80ans,GP,171857.5986322557,25159492.63,46793,1123,25051693.96,1005717.09,25563823.90733903,19756115.70404159,167096176.0180528
MMA Agents,1,+80ans,NC,0.0,0.0,74,0,0.0,0.0,0.0,0.0,0.0
MMA Agents,1,+80ans,PC,274998.2718698219,34741369.32000001,21415,484,34704174.09,2612972.77,34882186.46012279,28677278.83449318,237266730.1718114
MMA Agents,1,+80ans,PP,6750.455854607163,1104003.85,1031,27,1099317.01,34278.89,1118739.551933011,638837.9447922668,6143491.960121424
MMA Agents,1,70-75ans,GP,528474.2985867762,25914854.27000004,40171,1359,25546222.94,4998903.34,27746559.15910799,14993874.21208579,329781395.7069819
MMA Agents,1,70-75ans,NC,1151.493322389915,7871.52,1329,0,0.0,0.0,36513.94542915473,12159.14382790853,0.0
MMA Agents,1,70-75ans,PC,951686.3486568651,32717452.92,12128,512,32683763.37,9313168.91,32909210.84690245,20561983.89310534,440223198.314519
MMA Agents,1,70-75ans,PP,32260.95801964789,2170398.87,850,38,2157563.9,415975.55,2225711.071712915,686343.4521729712,18944336.75019573
MMA Agents,1,75-80ans,GP,227270.8710565181,16084065.80000001,27278,836,15876656.96,1968741.44,17022685.28891259,10548446.06385487,167321412.7972364
MMA Agents,1,75-80ans,NC,136.9046246679483,1009.8,165,0,0.0,0.0,4547.8010522882,1514.417750411971,0.0
MMA Agents,1,75-80ans,PC,432099.3817310203,23391047.2,9594,374,23379591.05,5566320.33,23448494.73637512,16460731.47510493,251584329.9760749
MMA Agents,1,75-80ans,PP,13169.3665654838,1143818.34,563,23,1142453.64,187853.95,1148682.828131112,479033.6824169862,8744109.131537635
MMA Courtage,0,0-30ans,NC,4102.812047856007,8564.76,811,0,0.0,0.0,161557.9734287044,53798.80515175855,0.0
MMA Courtage,0,0-30ans,PC,1716515.884873893,40937091.03,6336,826,40195391.99,17580468.27,44632102.66759832,389223.2594500809,704415854.7265513
MMA Courtage,0,30-40ans,NC,21989.96866499761,44078.73,4438,0,0.0,0.0,821600.4164160397,273592.9386665412,0.0
MMA Courtage,0,30-40ans,PC,1739731.24993086,30320594.3,7708,1218,29175203.27,15197547.27,37520195.24137457,1325607.996540977,546849697.2501262
MMA Courtage,0,40-50ans,NC,21720.61700592454,36207.34,9673,0,0.0,0.0,629619.5231967015,209663.3012245017,0.0
MMA Courtage,0,40-50ans,PC,3567603.230880626,59238374.07999999,16504,2198,57513241.68,31526540.87,70215074.57890579,6295723.782590294,1087817380.479552
MMA Courtage,0,50-60ans,NC,6915.41286190051,11466.38,2576,0,0.0,0.0,155749.512599086,51864.58769549563,0.0
MMA Courtage,0,50-60ans,PC,5818743.648753162,122580890.54,28849,3089,120203963.03,60676106.31999999,137726221.5363836,28234862.45078706,1975117958.659216
MMA Courtage,0,60-70ans,NC,1336.619113601984,3100.19,727,0,0.0,0.0,23591.61435148804,7856.007579045516,0.0
MMA Courtage,0,60-70ans,PC,5356603.269626962,142266114.85,26750,2465,141006920.71,67382654.86,149792221.0592051,58910395.67248236,2045462160.900226
MMA Courtage,1,+80ans,NC,0.0,0.0,3,0,0.0,0.0,0.0,0.0,0.0
MMA Courtage,1,+80ans,PC,181663.3989567348,27439714.88,13780,381,27397571.82,3537788.430000001,27603072.21166679,20597954.62419831,178924379.2345314
MMA Courtage,1,70-75ans,NC,0.0,0.0,25,0,0.0,0.0,0.0,0.0,0.0
MMA Courtage,1,70-75ans,PC,1520565.696270969,50661025.22,10620,626,50518199.3,30031014.55,51403359.13419053,28419431.03476124,637829954.462144
MMA Courtage,1,75-80ans,NC,0.0,0.0,4,0,0.0,0.0,0.0,0.0,0.0
MMA Courtage,1,75-80ans,PC,496972.6886256778,26946468.01,7203,387,26885315.78,11426849.99,27238348.27213967,16920595.31376666,272162138.0860388
MMA CAP,0,0-30ans,NC,6817.921788277108,6637.129999999999,254,0,0.0,0.0,125381.5408707859,41752.05310997168,0.0
MMA CAP,0,0-30ans,PC,557162.4809138193,6859114.77,11579,575,6646167.850000001,2755013.23,8116674.062091081,136682.1243751212,146997886.5979579
MMA CAP,0,30-40ans,NC,26573.73905130722,25882.0,1448,0,0.0,0.0,471972.6995689509,157166.9089564607,0.0
MMA CAP,0,30-40ans,PC,638856.4421514549,6831586.35,6690,310,6662230.59,3291706.18,7873721.06140627,380523.5259963049,150554710.2920058
MMA CAP,0,40-50ans,NC,52640.26116308397,53647.34,9570,0,0.0,0.0,859109.6608787979,286083.5170726397,0.0
MMA CAP,0,40-50ans,PC,995699.739536651,11858362.79,16526,1212,11413872.22,5294668.029999999,14838551.44449623,2038935.783557019,287417190.3790653
MMA CAP,0,50-60ans,NC,47043.9436798961,58523.3,4422,0,0.0,0.0,691764.820098278,230357.6850927266,0.0
MMA CAP,0,50-60ans,PC,2197052.528159486,32411060.49999999,38006,3347,31223259.52,14615337.39,40155176.7160338,12262511.69045003,713027696.4777107
MMA CAP,0,60-70ans,NC,11159.96501959299,24498.24,2075,0,0.0,0.0,151194.7548547512,50347.85336663215,0.0
MMA CAP,0,60-70ans,PC,2032876.279775901,41505392.65000004,32872,1998,40398106.61999999,16574644.89,48108086.26674907,22399364.99840225,737848672.7085937
MMA CAP,1,+80ans,PC,10164.88437185325,17969238.19000001,14549,399,17856670.09000001,735725.0899999999,18417620.12846212,14627113.3746367,119985755.2462547
MMA CAP,1,70-75ans,NC,0.0,0.0,154,0,0.0,0.0,0.0,0.0,0.0
MMA CAP,1,70-75ans,PC,438005.2496544114,12688103.19,13178,499,12300948.73,5136220.739999999,14722934.86331097,8721331.84595611,183402534.5868816
MMA CAP,1,75-80ans,NC,0.0,0.0,9,0,0.0,0.0,0.0,0.0,0.0
MMA CAP,1,75-80ans,PC,154993.5798642536,8357213.590000005,9084,291,8062475.93,3018010.61,9740021.42148382,6472938.370355195,96315355.31845734
MMA,0,0-30ans,GP,435698.5623181412,12411786.54,34643,2433,11918141.43,3335462.04,15201247.10265057,195988.069148959,246518065.7255164
MMA,0,0-30ans,NC,139298.4185224974,183595.8200000002,12171,0,0.0,0.0,3468817.314440455,1155116.165708671,0.0
MMA,0,0-30ans,PC,3444779.795771901,60767896.10999999,22322,1781,59711891.24,26516513.77000001,66319937.59786981,702352.5249884394,1118980006.117352
MMA,0,0-30ans,PP,13271.2725513539,698155.2000000001,820,61,664912.84,161876.44,827499.3293816953,3510.528950446756,7052491.660277588
MMA,0,30-40ans,GP,758569.31848556,15659764.36000001,28575,1865,14968683.37,4545241.17,20151562.25895767,985154.2552850059,368476121.10939
MMA,0,30-40ans,NC,328140.8810318286,533181.790000001,37202,0,0.0,0.0,9866069.531950496,3285401.154139515,0.0
MMA,0,30-40ans,PC,2950069.100989447,44849052.32000001,15676,1649,43393602.04,21214255.27,54073455.06878348,2147731.10682098,861863242.9907392
MMA,0,30-40ans,PP,19420.41039175212,185202.67,230,20,141521.05,85998.61000000002,469335.4098773127,24437.61332881109,7832196.194361079
MMA,0,40-50ans,GP,1660795.086926627,30439736.59000003,55168,3673,28877437.41,10624527.28,40476737.75118716,5191320.199304922,765719035.0207002
MMA,0,40-50ans,NC,459593.9074985217,649648.6500000006,185215,0,0.0,0.0,10858937.83779221,3616026.299984805,0.0
MMA,0,40-50ans,PC,6060288.490548355,92430307.39999993,36804,3841,89942638.49,44616220.84,108631336.2318446,11581816.12391788,1835235150.052752
MMA,0,40-50ans,PP,147907.283134702,2447287.31,1027,117,2169029.89,900484.07,4246557.508446591,393643.305127593,61677049.78721715
MMA,0,50-60ans,GP,2446688.353979145,58307332.62999991,73632,5282,56192646.72,15733751.95,71655557.78276457,19214625.50192462,1183542486.89442
MMA,0,50-60ans,NC,226569.2610496353,363279.7900000003,35501,2,687.12,0.0,4807672.694248493,1600955.007184748,0.0
MMA,0,50-60ans,PC,11709478.59537131,216373759.0900001,77862,7624,211933193.29,96953258.83999997,245455789.5693159,61035310.77149029,3941052339.740237
MMA,0,50-60ans,PP,187998.6636541087,5103907.26,1947,205,4800102.58,1576890.71,6986956.368383926,1212397.136011628,89390716.34224728
MMA,0,60-70ans,GP,2077633.862418897,69907932.54000005,80197,3878,68868809.62,15072882.76,75610327.68234082,31064041.29100603,1079079632.253776
MMA,0,60-70ans,NC,53768.09199748939,133059.33,15527,0,0.0,0.0,944479.7495467234,314511.7565990588,0.0
MMA,0,60-70ans,PC,11331303.19693029,280014093.0899999,78712,5861,277187856.6300001,112995964.2,297214148.015132,129867801.9636105,4376476821.926025
MMA,0,60-70ans,PP,204123.353692655,9005655.250000002,1844,142,8862222.27,2366921.59,9889664.384752478,2439908.340437199,102492757.3689154
MMA,1,+80ans,GP,171857.5986322557,25159492.63,46793,1123,25051693.96,1005717.09,25563823.90733903,19756115.70404159,167096176.0180528
MMA,1,+80ans,NC,0.0,0.0,77,0,0.0,0.0,0.0,0.0,0.0
MMA,1,+80ans,PC,466826.5551984102,80150322.39,49751,1264,79958415.99999999,6886486.289999998,80902878.80025169,63902346.83332819,536176864.6525975
MMA,1,+80ans,PP,6750.455854607163,1104003.85,1031,27,1099317.01,34278.89,1118739.551933011,638837.9447922668,6143491.960121424
MMA,1,70-75ans,GP,528474.2985867762,25914854.27000004,40171,1359,25546222.94,4998903.34,27746559.15910799,14993874.21208579,329781395.7069819
MMA,1,70-75ans,NC,1151.493322389915,7871.52,1508,0,0.0,0.0,36513.94542915473,12159.14382790853,0.0
MMA,1,70-75ans,PC,2910257.294582247,96066581.33000004,35929,1637,95502911.39999999,44480404.2,99035504.84440394,57702746.7738227,1261455687.363544
MMA,1,70-75ans,PP,32260.95801964789,2170398.87,850,38,2157563.9,415975.55,2225711.071712915,686343.4521729712,18944336.75019573
MMA,1,75-80ans,GP,227270.8710565181,16084065.80000001,27278,836,15876656.96,1968741.44,17022685.28891259,10548446.06385487,167321412.7972364
MMA,1,75-80ans,NC,136.9046246679483,1009.8,178,0,0.0,0.0,4547.8010522882,1514.417750411971,0.0
MMA,1,75-80ans,PC,1084065.650220952,58694728.79999995,25886,1052,58327382.76000001,20011180.93,60426864.42999861,39854265.15922678,620061823.3805712
MMA,1,75-80ans,PP,13169.3665654838,1143818.34,563,23,1142453.64,187853.95,1148682.828131112,479033.6824169862,8744109.131537635
MAAF,0,0-30ans,Ex PC,33031.31701604379,668029.07,1042,64,633090.07,89212.76000000001,903157.625177076,19991.07866558339,12628857.12156731
MAAF,0,0-30ans,GP,649040.8990757271,16108743.28,37975,4123,14734361.55,2422171.37,25620981.96093569,344116.0982273869,443067911.2907843
MAAF,0,0-30ans,NC,677869.6107731935,363360.1200000001,78981,0,0.0,0.0,10737110.40316795,3217933.705220934,0.0
MAAF,0,0-30ans,PC,833456.3537076646,11995642.46,7508,774,11917466.75,2605564.86,12551101.66204447,272819.2713445359,255773174.6674916
MAAF,0,0-30ans,PP,137012.0078578109,2321268.29,6740,523,2182758.66,577497.23,3309990.800808912,46407.19559376915,52622635.21924435
MAAF,0,30-40ans,Ex PC,33057.41501311772,576238.46,981,49,546431.76,116982.3,768721.2507249092,29933.14659063019,10936683.49305693
MAAF,0,30-40ans,GP,872007.9563474881,13272513.52,47422,2749,11406973.6,3092224.949999999,25697239.63247499,1238883.755174349,384597141.2779223
MAAF,0,30-40ans,NC,863401.9501622781,470655.7600000002,142823,0,0.0,0.0,13623114.42159826,4082874.946913847,0.0
MAAF,0,30-40ans,PC,695270.8744402233,8439809.19,3447,339,8355291.89,2717717.65,9028038.62792246,459239.1048048107,172739468.4039359
MAAF,0,30-40ans,PP,392006.1521861972,3393094.79,3570,385,2948697.66,1184694.05,6594172.453862008,371522.2859223986,105282177.0748456
MAAF,0,40-50ans,Ex PC,58578.52753379125,968193.3200000001,1017,45,950399.72,230928.0,1093433.667486038,113672.8079540917,18767772.33469662
MAAF,0,40-50ans,GP,1575215.854513617,23369892.63,77386,3948,20657461.48,5240124.219999999,41887644.8510976,4553198.4902378,627530422.0147069
MAAF,0,40-50ans,NC,1123840.913302599,638040.6199999996,118469,0,0.0,0.0,17509907.99178375,5247754.841512452,0.0
MAAF,0,40-50ans,PC,2358977.131829245,24173505.83,7062,1004,23722787.74,8836858.72,27428504.73230769,3892524.701948588,540301336.0902648
MAAF,0,40-50ans,PP,725065.4441602186,7642691.119999999,10948,932,6692538.06,2220983.9,14447423.54068177,1641806.207872578,222680852.8625966
MAAF,0,50-60ans,Ex PC,76813.24072714687,1502194.61,1520,76,1463700.28,281323.74,1768569.457577744,442709.010023693,27812518.74519398
MAAF,0,50-60ans,GP,2666365.38835622,41567409.01,88430,5664,37967511.95999999,8931089.949999997,66872140.38167559,16901195.58824968,1035614193.918939
MAAF,0,50-60ans,NC,965022.588813441,622418.3600000001,71130,0,0.0,0.0,14395922.9667651,4314487.231019762,0.0
MAAF,0,50-60ans,PC,6422704.449666558,70165082.68,17592,2625,68943965.96,25033094.79,79096726.70377952,25506760.97129257,1531471737.579171
MAAF,0,50-60ans,PP,1514833.638934362,18710442.81,16594,1507,17395019.55,5614239.32,28265868.16123725,7433775.716376548,444220069.9412255
MAAF,0,60-70ans,Ex PC,136398.587033507,2524962.78,2022,98,2498335.02,637164.2000000001,2712105.398915675,1291269.423126389,43528187.45397652
MAAF,0,60-70ans,GP,2233762.673358314,44113944.67,67514,4448,42337911.29,10292901.2,56329915.68085547,24550816.37683898,862020836.8518962
MAAF,0,60-70ans,NC,1914217.765742455,183555.35,17553,0,0.0,0.0,29935891.955105,6685824.548177809,0.0
MAAF,0,60-70ans,PC,8123713.598556725,116474283.96,30272,3574,115800982.87,38811638.87,121272527.1735792,64279583.9633221,2164266389.557597
MAAF,0,60-70ans,PP,1473500.149845792,24547954.09,16128,1407,23993858.11,6986068.579999999,28422590.82981044,13139895.84093287,457790776.3569751
MAAF,1,+80ans,Ex PC,22959.62150027231,2436830.58,1877,65,2420345.42,14243.0,2514251.816420401,2070813.385283615,23095561.791958
MAAF,1,+80ans,GP,97661.17123773614,9800475.92,17141,655,9630290.340000002,272980.05,10676496.4560476,8197193.556339385,91619489.81234169
MAAF,1,+80ans,PC,427770.9191951009,40604125.09,17123,757,40545436.35,1411789.68,40909101.3051396,34456490.69754744,359497259.8173323
MAAF,1,+80ans,PP,4033.294976296318,351900.9500000001,276,21,347082.96,8074.8,382069.2460154083,284844.173834564,3497531.690860133
MAAF,1,70-75ans,Ex PC,34762.40139727958,1257885.73,1112,48,1249663.13,147693.6,1310387.993632638,690786.4403825729,17253437.6688197
MAAF,1,70-75ans,GP,523165.8150041297,15163647.0,23764,1308,14751371.01,2858920.77,17871475.05657076,10167841.44602916,240522336.3580626
MAAF,1,70-75ans,NC,0.0,0.0,473,0,0.0,0.0,0.0,0.0,0.0
MAAF,1,70-75ans,PC,3005268.616805113,57759803.56,18720,1494,57644892.53999999,18677199.22,58514770.12742382,38394458.96280804,888209685.5459528
MAAF,1,70-75ans,PP,422330.0541659093,9648125.86,7353,458,9544167.809999999,2747298.62,10341737.5474444,6249093.396764783,143421687.565125
MAAF,1,75-80ans,Ex PC,9774.992811297703,519004.03,752,35,513725.52,41710.0,551906.3445665853,327457.6107096695,5983821.665151165
MAAF,1,75-80ans,GP,149644.9538260558,6357725.41,13256,628,6158628.12,863050.3300000001,7565836.577569118,4977411.411981803,86220433.50437994
MAAF,1,75-80ans,PC,1025226.343054872,29319067.66,12398,656,29268644.25,7620693.74,29642246.16602264,21928696.07037283,376238555.6134123
MAAF,1,75-80ans,PP,132550.715198384,4322272.83,4211,215,4272304.62,934968.3,4631168.800200005,3096265.431132148,55680369.95736478
GMF,0,0-30ans,GP,1538973.396851841,36631423.16999999,55057,6494,36250857.45,4974248.47,38746414.70382798,778942.1570292498,670425941.0239068
GMF,0,0-30ans,NC,679129.8128277931,322771.0799999992,61056,0,0.0,0.0,11229004.91359708,2906612.371809061,0.0
GMF,0,0-30ans,PC,401991.9724895111,4069327.95,643,96,4058527.95,1430181.9,4137093.234092323,142388.5608115053,87108529.45327246
GMF,0,0-30ans,PP,52768.90273900572,1041912.63,937,122,1033686.63,238989.9,1089873.521503404,16341.13903191276,17189497.75180972
GMF,0,30-40ans,GP,1337833.349744461,27723335.43,35794,3232,27403100.65,3838181.24,29480614.10071877,1860224.115299186,532244304.9708481
GMF,0,30-40ans,NC,900921.5202687194,410949.1199999991,116204,0,0.0,0.0,17914964.82610542,5630301.585208726,0.0
GMF,0,30-40ans,PC,700973.8117466806,8640579.799999999,1344,201,8632619.799999999,2069299.91,8689448.815803535,706155.3082255207,186076572.8378439
GMF,0,30-40ans,PP,178949.3253034937,3687058.94,2387,264,3656895.53,614164.11,3850986.39720245,247935.7411034541,66673216.42977034
GMF,0,40-50ans,GP,1640812.518596831,30744615.83,35206,3195,30329418.2,4463316.41,33127417.72026325,5550881.343557829,643770425.9780036
GMF,0,40-50ans,NC,1072673.603457824,594951.4800000001,87445,0,0.0,0.0,19953630.34556397,6173784.852110893,0.0
GMF,0,40-50ans,PC,1524377.9467356,16817069.32,2944,473,16775271.32,4282872.720000001,17085105.55094649,3762525.462142516,398120503.2423016
GMF,0,40-50ans,PP,484209.0805038472,8000272.159999999,6544,630,7893033.28,1575355.16,8618818.031860221,1416524.509234761,163627153.7623673
GMF,0,50-60ans,GP,2617631.278458522,52752196.63999996,53540,3747,51574711.05,7496756.82,65054211.068865,24032761.98057634,1203338158.46471
GMF,0,50-60ans,NC,653631.8690603465,435268.6799999999,46572,0,0.0,0.0,11827617.71252181,3694437.054985305,0.0
GMF,0,50-60ans,PC,4126236.402412037,47447470.29,8850,1258,47331735.75,13559173.11,48208873.21160202,21624748.81238055,1083662127.587647
GMF,0,50-60ans,PP,1389635.219318298,23164050.76,13417,1595,22918488.74,4585728.8,24586520.17268578,9346991.300757015,485650465.6446029
GMF,0,60-70ans,GP,3430038.452373851,91417765.7000001,138060,5559,89314972.33000001,12905955.51,114271534.4294893,64583047.56330653,1825564382.231805
GMF,0,60-70ans,NC,181347.4336470474,157600.08,23825,0,0.0,0.0,2978186.825249513,939388.6454914152,0.0
GMF,0,60-70ans,PC,8886426.101281622,138519704.05,29802,3696,138305147.78,36530490.31,139897013.1646893,94893366.27950032,2716586002.224369
GMF,0,60-70ans,PP,3110807.400434517,68919665.18,37358,4408,68449815.67,14100802.03,71641101.63255376,40489220.89090871,1236774729.361324
GMF,1,+80ans,GP,394935.9475930052,53657200.53,140540,3230,53463657.21,270192.31,54514018.65330254,49084156.00721424,471143853.6032066
GMF,1,+80ans,PC,739837.5088198866,92790866.97000001,30045,2166,92723103.09000002,669387.3999999999,93080163.72710373,88846430.02568986,816279847.9449832
GMF,1,+80ans,PP,40105.88389097161,4832845.71,2313,160,4822760.669999999,46260.0,4876616.568183679,4423076.418644879,43090163.8455764
GMF,1,70-75ans,GP,1039869.746720972,39293857.01999991,83873,2687,38422562.17,4742296.49,48073946.20045581,33322933.85038381,640258310.1616479
GMF,1,70-75ans,NC,4365.086804613246,5425.68,2436,0,0.0,0.0,69981.75683357405,22545.99978769553,0.0
GMF,1,70-75ans,PC,3198334.035761632,75958481.64,21450,2082,75888583.84,15531295.47,76390725.26144132,61769387.60738009,1237511345.202687
GMF,1,70-75ans,PP,982794.7030496516,32143684.83,20349,2049,31992535.81,5101618.24,32999209.54923979,23525779.00209653,489722868.8692894
GMF,1,75-80ans,GP,581294.1643943044,34013923.32,75362,2693,33765930.52,2646152.54,35709458.20425115,28570314.40143935,441759513.63525
GMF,1,75-80ans,NC,2094.76455963641,3605.52,152,0,0.0,0.0,32735.87820170355,10530.89153326374,0.0
GMF,1,75-80ans,PC,1338609.387777532,50304847.8,15151,1442,50280688.66,7025375.279999999,50441954.77691671,44486188.80568368,682174814.5337944
GMF,1,75-80ans,PP,128726.7295685252,5792219.42,3393,333,5762920.58,793773.1500000001,5951491.759769154,4689955.108441514,76118858.70406424
